{"session_duration_sec_mean": 158.25478432911504, "session_duration_sec_median": 0.0, "session_duration_sec_max": 3035.7714285714287, "event_count_mean": 1.1807666276077764, "event_count_sum": 357.14285714285717, "meeting_count_sum": 42.614285714285714, "message_count_sum": 177.52857142857144, "crash_count_sum": 1.3, "avg_latency_mean": 120.24632395498291}